metadata	feature	value	coef	stderr	N	N.not.0	pval	qval
Type	k__Bacteria.p__Actinobacteria	Mucosal	-0.987858729811827	0.268550436350753	54	18	0.000639673074288221	0.0127934614857644
Type	k__Bacteria.p__Bacteroidetes	Mucosal	0.396078875214838	0.14365143332733	54	54	0.00855235935244017	0.0855235935244017
