metadata	feature	value	coef	stderr	N	N.not.0	pval	qval
Sex	MF0024	Male	5.2674524591142	1.20047175392875	15	8	0.00136068507552903	0.153385877185222
Sequencing_Run	MF0079	2014_Sept	-3.77233209922978	0.633597298347034	15	2	0.00149401828427164	0.153385877185222
Type	MF0012	Mucosal	0.949913073599311	0.146987553275983	15	8	0.00131921609120501	0.153385877185222
Type	MF0025	Mucosal	-1.35047092079666	0.272148682529622	15	11	0.00402550889033	0.155333316259325
Sequencing_Run	MF0072	2014_Sept	-1.96594852795608	0.451863077784765	15	6	0.0024113787849319	0.155333316259325
Sequencing_Run	MF0085	2014_Sept	-3.03704230650136	0.624826057767869	15	4	0.00291275152677289	0.155333316259325
Sequencing_Run	MF0012	2014_Sept	-1.16243436897974	0.224142515822037	15	8	0.00343443853972886	0.155333316259325
Sex	MF0009	Male	-1.2483802496521	0.242115619805727	15	15	0.00403463159115129	0.155333316259325
Sequencing_Run	MF0025	2014_Sept	1.77111823360172	0.405790759411273	15	11	0.00550312403305163	0.188329133575545
