metadata	feature	value	coef	stderr	N	N.not.0	pval	qval
Type	k__Bacteria.p__Cyanobacteria	Mucosal	-3.90187118831428	0.604834440843439	18	3	0.000352478065220872	0.00528717097831308
