metadata	feature	value	coef	stderr	N	N.not.0	pval	qval
Type	k__Bacteria.p__Firmicutes	Mucosal	0.946798318082962	0.22741154323565	44	44	0.000225320749906671	0.0054076979977601
Sequencing_Run	k__Bacteria.p__Bacteroidetes	2014_Sept	-1.79211966627447	0.516182461160002	44	43	0.00134474023578454	0.0107579218862763
Type	k__Bacteria.p__Verrucomicrobia	Mucosal	-1.27078236261285	0.350255790990725	44	39	0.000993954848044331	0.0107579218862763
Sex	k__Bacteria.p__Proteobacteria	Male	1.95296154535323	0.726354558439921	44	24	0.0371886606296606	0.178505571022371
Sequencing_Run	k__Bacteria.p__Verrucomicrobia	2014_Sept	1.09825055643942	0.485091179706959	44	39	0.0303169009777994	0.178505571022371
