metadata	feature	value	coef	stderr	N	N.not.0	pval	qval
Sequencing_Run	MGB031	2015_Sept	1.07128371732532	0.209942101121368	18	18	0.000202760159266556	0.0194649752895894
