feature	metadata	value	coef	stderr	N	N.not.0	pval	qval
MF0079	Sequencing_Run	2014_Sept	-2.92874337087545	0.751460738210909	43	6	0.00042931756287013	0.244711010835974
