metadata	feature	value	coef	stderr	N	N.not.0	pval	qval
Sequencing_Run	k__Bacteria.p__Firmicutes	2015_Sept	-1.20571965837938	0.503589946649625	45	45	0.0379597949638551	0.151839179855421
Site_General	k__Bacteria.p__Firmicutes	SI	-0.908135621812123	0.337195054231085	45	45	0.0103115885355877	0.151839179855421
Sequencing_Run	k__Bacteria.p__Proteobacteria	2014_Sept	-1.22388134911497	0.552838642521642	45	10	0.0327262461097078	0.151839179855421
Sequencing_Run	k__Bacteria.p__Verrucomicrobia	2015_Sept	2.95369471859972	1.18390126356859	45	10	0.0341152247429343	0.151839179855421
