feature	metadata	value	coef	stderr	N	N.not.0	pval	qval
k__Bacteria.p__Bacteroidota	Site_General	SI	-1.80333736582615	0.277787404887904	42	42	1.70672166029653e-07	4.09613198471168e-06
k__Bacteria.p__Verrucomicrobiota	Sequencing_Run	2014_Sept	1.41637086761271	0.328000237557512	42	41	0.000121853435988268	0.00146224123185922
k__Bacteria.p__Actinobacteriota	Sequencing_Run	2014_Sept	-1.78606294036112	0.444644584872643	42	0	0.000277472701668246	0.00221978161334597
k__Bacteria.p__Proteobacteria	Site_General	SI	1.24190315697512	0.314610564134969	42	19	0.000400689648337542	0.00240413789002525
k__Bacteria.p__Actinobacteriota	Sex	Male	-1.14601468459059	0.327810401936127	42	0	0.00124513296511258	0.00597663823254036
k__Bacteria.p__Desulfobacterota	Site_General	SI	0.708231556912659	0.34112426751636	42	0	0.0459003298524341	0.183601319409737
