metadata	feature	value	coef	stderr	N	N.not.0	pval	qval
Site_General	k__Bacteria.p__Bacteroidetes	SI	-1.68868979188751	0.254727558928055	42	42	1.19242140348076e-07	1.90787424556921e-06
Site_General	k__Bacteria.p__Proteobacteria	SI	1.39328067204389	0.300524971817087	42	20	5.5360442440645e-05	0.00044288353952516
Sequencing_Run	k__Bacteria.p__Verrucomicrobia	2014_Sept	1.58929166588899	0.367201463752008	42	39	0.000109801200219973	0.000585606401173191
Site_General	k__Bacteria.p__Verrucomicrobia	SI	0.49162604832588	0.251713667591381	42	39	0.0586321028753109	0.234528411501244
