metadata	feature	value	coef	stderr	N	N.not.0	pval	qval
Type	k__Bacteria.p__Proteobacteria	Mucosal	-0.813544766398747	0.124533623191177	54	45	0.0000000560347052833924	0.00000140086763208481
Type	k__Bacteria.p__Actinobacteria	Mucosal	-1.65287742672913	0.269918999273441	54	8	0.000000203311707913271	0.00000169426423261059
Type	k__Bacteria.p__Deferribacteres	Mucosal	2.09423527549336	0.339744964651962	54	32	0.000000192287538581209	0.00000169426423261059
Type	k__Bacteria.p__Bacteroidetes	Mucosal	-0.630129646637906	0.1429616214695	54	54	0.0000662412987234083	0.000414008117021302
Type	k__Bacteria.p__Firmicutes	Mucosal	-0.526158509515011	0.139128335797382	54	54	0.000431340417527816	0.00215670208763908
Site	k__Bacteria.p__Firmicutes	Proximal_Colon	0.434633088777368	0.168477938839369	54	54	0.0130038851312663	0.0541828547136096
Sequencing_Run	k__Bacteria.p__Actinobacteria	Two	-0.997114133357863	0.412608197507538	54	8	0.0449697676626686	0.160606313080959
Sex	k__Bacteria.p__Actinobacteria	M	0.877377867572558	0.393970307016364	54	8	0.0576768319857476	0.180240099955461
