metadata	feature	value	coef	stderr	N	N.not.0	pval	qval
Type	k__Bacteria.p__Actinobacteria	Mucosal	-1.50814450273765	0.136610240442663	92	32	0.0000000000000537115583864793	0.00000000000187990454352678
Line	k__Bacteria.p__Firmicutes	Vil1Cre	-1.709911193243	0.305123199654304	92	92	0.00000162498631434134	0.0000284372605009735
Line	k__Bacteria.p__Verrucomicrobia	Vil1Cre	3.16977830413196	0.61136256415615	92	15	0.00000625550040758582	0.0000729808380885012
Type	k__Bacteria.p__Firmicutes	Mucosal	-0.622144329000456	0.149473661366447	92	92	0.000137407400205747	0.00120231475180029
Line	k__Bacteria.p__Bacteroidetes	Vil1Cre	-1.49970535514902	0.416802639990831	92	90	0.000863639783985896	0.00604547848790127
Type	k__Bacteria.p__Proteobacteria	Mucosal	0.622130756798927	0.253945379730258	92	92	0.0163681112814962	0.095480649142061
Line	k__Bacteria.p__Actinobacteria	Vil1Cre	-1.21181993983261	0.515485553660684	92	32	0.0238047245144349	0.104145669750653
Line	k__Bacteria.p__Verrucomicrobia	JJWT	2.48116350303967	1.0409922845241	92	15	0.0217203086634017	0.104145669750653
Line	k__Bacteria.p__Firmicutes	JJWT	-1.14476487689037	0.519420139315397	92	92	0.0330563501345689	0.128552472745546
