metadata	feature	value	coef	stderr	N	N.not.0	pval	qval
Sequencing_Run	MGB019	2014_Sept	-3.35665639927067	0.844353872971425	15	8	0.00711238840246342	0.199146875268976
Sequencing_Run	MGB049	2014_Sept	1.7898209903223	0.436166069338812	15	15	0.00593240278759674	0.199146875268976
Type	MGB049	Mucosal	-1.69042412601441	0.297172569215246	15	15	0.00200382829898784	0.199146875268976
Sequencing_Run	MGB044	2015_Sept	9.64319897753172	2.85752221637231	15	2	0.00706566254181193	0.199146875268976
