metadata	feature	value	coef	stderr	N	N.not.0	pval	qval
Sequencing_Run	MGB044	2015_Sept	6.0767563069488	1.09409536789403	45	5	0.00000199891626852352	0.000231874287148728
Site_General	MGB027	SI	1.99995860319115	0.405648698582644	45	6	0.0000151778259053349	0.000880313902509424
Site_General	MGB050	SI	-1.02903578081177	0.218138064536238	45	6	0.0000290076439408328	0.00112162889904554
Site_General	MGB054	SI	-1.09589527068457	0.260845786998324	45	25	0.000144304347897577	0.00418482608902974
Site_General	MGB052	SI	-1.02887864183718	0.254178184548029	45	43	0.000230197414929121	0.0053405800263556
Site_General	MGB053	SI	-0.890875990434618	0.240453817621776	45	32	0.000639139260670697	0.0123566923729668
Sequencing_Run	MGB019	2015_Sept	-2.42013733582735	0.7471118348157	45	7	0.00958667141397924	0.158864840574513
