metadata	feature	value	coef	stderr	N	N.not.0	pval	qval
Site_General	k__Bacteria.p__Deferribacteres	SI	-3.30393648138813	0.379787167583579	60	11	5.53960655438853e-12	8.3094098315828e-11
Site_General	k__Bacteria.p__Proteobacteria	SI	1.04185318669834	0.153051710455074	60	58	1.31973864791217e-08	9.8980398593413e-08
Site_General	k__Bacteria.p__Actinobacteria	SI	0.942624716713265	0.290093866649452	60	24	0.00209282968528347	0.0104641484264173
Sex	k__Bacteria.p__Bacteroidetes	M	-0.380644590603023	0.179790265820287	60	60	0.0387014126169476	0.145130297313554
