metadata	feature	value	coef	stderr	N	N.not.0	pval	qval
Type	k__Bacteria.p__Verrucomicrobia	Mucosal	1.43445188271352	0.16692723299816	18	2	0.000053345041599253	0.000960210748786554
Type	k__Bacteria.p__Bacteroidetes	Mucosal	0.646022198908417	0.113199197236109	18	18	0.000886481286007791	0.00797833157407012
Type	k__Bacteria.p__Cyanobacteria	Mucosal	-2.17269558932571	0.801518966328356	18	2	0.0249194915306998	0.149516949184199
Type	k__Bacteria.p__Actinobacteria	Mucosal	-0.653891661077532	0.281225460112989	18	8	0.0516924335100488	0.23261595079522
