feature	metadata	value	coef	stderr	N	N.not.0	pval	qval
k__Bacteria.p__Bacteroidota	Site_General	SI	-1.30493934302938	0.274008379101361	52	52	2.38979477682222e-05	0.000573550746437333
k__Bacteria.p__Proteobacteria	Site_General	SI	0.905854494618234	0.285157771102023	52	26	0.00282780216558749	0.0169668129935249
k__Bacteria.p__Actinobacteriota	Site_General	SI	0.837059989346945	0.256726764849712	52	0	0.00223813423069896	0.0169668129935249
k__Bacteria.p__Desulfobacterota	Site_General	SI	-0.802629457294754	0.251974043897386	52	6	0.00276156645164135	0.0169668129935249
k__Bacteria.p__Actinobacteriota	Sex	Male	-1.83240507071138	0.468038251064896	52	0	0.00785885139345731	0.0377224866885951
k__Bacteria.p__Verrucomicrobiota	Site_General	SI	0.60415000088603	0.263315575072704	52	51	0.0269552469064353	0.107820987625741
k__Bacteria.p__Actinobacteriota	Sequencing_Run	2015_Sept	1.38067484379669	0.547300471214378	52	0	0.0407271693995461	0.139636009369872
k__Bacteria.p__Desulfobacterota	Sex	Male	2.82326144190707	1.1829236672598	52	6	0.0542736952636863	0.162821085791059
k__Bacteria.p__Bacteroidota	Sequencing_Run	2015_Sept	-1.15892031781507	0.522869784017911	52	52	0.0625400889379456	0.166773570501188
