metadata	feature	value	coef	stderr	N	N.not.0	pval	qval
Sex	MGB015	Male	-0.66364231404142	0.157070813693738	18	18	0.000992059329683801	0.0535712038029252
Sex	MGB024	Male	5.425603057013	1.26135371178759	18	12	0.000861015227971747	0.0535712038029252
Sex	MGB034	Male	-0.65356864344407	0.20068992694156	18	18	0.00624824542946741	0.16870262659562
Type	MGB034	Mucosal	-1.21670120082139	0.371605536368762	18	18	0.00604055985233898	0.16870262659562
Sequencing_Run	MGB024	2015_Sept	-5.89735193280947	1.94908949329156	18	12	0.00974516777733332	0.201700599368998
Type	MGB024	Mucosal	6.897107612914	2.33557323859133	18	12	0.0112055888538332	0.201700599368998
