feature	metadata	value	coef	stderr	N	N.not.0	pval	qval
MGB031	Site	Jejunum	1.83815684299312	0.392155339402948	19	16	0.00202269364547586	0.145633942474262
