metadata	feature	value	coef	stderr	N	N.not.0	pval	qval
Sequencing_Run	k__Bacteria.p__Bacteroidetes	2014_Sept	-2.22583176094958	0.816998751668665	16	15	0.0197752966909804	0.105468249018562
Sex	k__Bacteria.p__Bacteroidetes	Male	1.5824582117751	0.577705357525857	16	15	0.0192585117791767	0.105468249018562
Type	k__Bacteria.p__Firmicutes	Mucosal	1.00137537270921	0.263285554074139	16	16	0.0131569655661215	0.105468249018562
Sequencing_Run	k__Bacteria.p__Bacteroidetes	2015_Sept	-1.62928618044961	0.691989408179954	16	15	0.0381831070220915	0.152732428088366
