metadata	feature	value	coef	stderr	N	N.not.0	pval	qval
Site_General	k__Bacteria.p__Proteobacteria	SI	1.88836804347414	0.154555377050371	48	41	6.58147857218088e-15	7.89777428661705e-14
Site_General	k__Bacteria.p__Deferribacteres	SI	-3.40069548166118	0.37584431094017	48	24	4.01722288432187e-11	2.41033373059312e-10
Site_General	k__Bacteria.p__Bacteroidetes	SI	0.745771822824446	0.162711360370804	48	48	4.61722794888965e-05	0.000184689117955586
