metadata	feature	value	coef	stderr	N	N.not.0	pval	qval
Site	k__Bacteria.p__Bacteroidetes	Jejunum	-1.79714489973036	0.44362764029762	42	42	0.000346199294001762	0.00954546451200967
Sequencing_Run	k__Bacteria.p__Verrucomicrobia	2014_Sept	1.47430213938297	0.388032205438375	42	39	0.000596591532000604	0.00954546451200967
Site	k__Bacteria.p__Bacteroidetes	Duodenum	-1.6131381082662	0.470053308620847	42	42	0.00183815067120988	0.0196069404929054
Site	k__Bacteria.p__Bacteroidetes	Ileum	-1.51437620215322	0.469755474993474	42	42	0.00307346172071575	0.024587693765726
Site	k__Bacteria.p__Verrucomicrobia	Jejunum	1.20913632203878	0.386644416867592	42	39	0.00392927080145558	0.0251473331293157
Site	k__Bacteria.p__Proteobacteria	Jejunum	1.48202160855451	0.51274015768885	42	20	0.00736241062744392	0.0392661900130342
Site	k__Bacteria.p__Proteobacteria	Duodenum	1.40123556401718	0.541701291486507	42	20	0.0152173546133834	0.0695650496611814
Site	k__Bacteria.p__Proteobacteria	Ileum	1.06360780638885	0.545132113435129	42	20	0.061078890005673	0.244315560022692
