feature	metadata	value	coef	stderr	N	N.not.0	pval	qval
k__Bacteria.p__Bacteroidota	Site	Ileum	-2.28109570751787	0.694445036450744	51	51	0.00226177947949763	0.108565415015886
k__Bacteria.p__Bacteroidota	Sequencing_Run	2015_Sept	-1.32148990334353	0.392718911791992	51	51	0.00639113328031987	0.110002096698046
k__Bacteria.p__Bacteroidota	Site	Jejunum	-1.91679685030658	0.669226723185593	51	51	0.0068751310436279	0.110002096698046
k__Bacteria.p__Proteobacteria	Site	Duodenum	2.63946022030131	0.992253980967285	51	6	0.0115589215141518	0.138707058169821
k__Bacteria.p__Proteobacteria	Sex	Male	2.02292684591919	0.599318290073614	51	6	0.0150098848000499	0.144094894080479
k__Bacteria.p__Bacteroidota	Sex	Male	-0.865671332117681	0.293656529432014	51	51	0.0263553638110898	0.197295870263825
k__Bacteria.p__Bacteroidota	Site	Duodenum	-1.44049782936248	0.649444202960935	51	51	0.0328826450439709	0.197295870263825
k__Bacteria.p__Proteobacteria	Site	Jejunum	2.2969366431893	1.0236213684346	51	6	0.0309901777765392	0.197295870263825
k__Bacteria.p__Actinobacteriota	Site	Duodenum	-2.16337417156217	1.03257560743105	51	2	0.0432420806083201	0.230624429911041
