metadata	feature	value	coef	stderr	N	N.not.0	pval	qval
Site_General	k__Bacteria.p__Cyanobacteria	SI	-2.34055956781272	0.182149104735247	135	23	0.00000000000000000000000532999784441331	0.0000000000000000000000959399611994395
Site_General	k__Bacteria.p__Tenericutes	SI	-1.68736024398469	0.177660504346845	135	14	0.000000000000000357270328219075	0.00000000000000321543295397167
Site_General	k__Bacteria.p__Firmicutes	SI	1.73089469115769	0.19103112017355	135	135	0.00000000000000436728708140687	0.0000000000000262037224884412
Site_General	k__Bacteria.p__Proteobacteria	SI	0.843383461863282	0.173531308381146	135	64	0.0000038477734757706	0.0000173149806409677
Sequencing_Run	k__Bacteria.p__Cyanobacteria	2014-September	1.11069292765915	0.277204517690207	135	23	0.000549557394900483	0.00197840662164174
Sex	k__Bacteria.p__Bacteroidetes	Male	-0.976315526149491	0.267491337319962	135	135	0.00143179287747216	0.00429537863241648
Sex	k__Bacteria.p__Tenericutes	Male	0.781602824527993	0.237045697024926	135	14	0.00324298485137928	0.00833910390354672
