feature	metadata	value	coef	stderr	N	N.not.0	pval	qval
k__Bacteria.p__Cyanobacteria	Site_General	SI	-2.89992364137413	0.203939330553173	139	43	1.74356042350155e-27	3.66147688935326e-26
k__Bacteria.p__Proteobacteria	Site_General	SI	2.39424813655933	0.254263571426344	139	26	5.56015526293006e-16	5.83816302607657e-15
k__Bacteria.p__Firmicutes	Site_General	SI	1.05621507848942	0.191915074663063	139	139	2.21101656664888e-07	1.54771159665422e-06
k__Bacteria.p__Bacteroidota	Site_General	SI	-0.607150028671969	0.159402015688432	139	139	0.0002234548206457	0.00117313780838993
k__Bacteria.p__Actinobacteriota	Site_General	SI	0.530168308790758	0.148532217108375	139	1	0.00051922504378515	0.00218074518389763
k__Bacteria.p__Bacteroidota	Sex	Male	-0.824062348642494	0.258452008639852	139	139	0.00421831737253402	0.0147641108038691
k__Bacteria.p__Cyanobacteria	Sequencing_Run	2014-September	0.824199564278645	0.298035146117273	139	43	0.0108323924823392	0.0324971774470177
k__Bacteria.p__Proteobacteria	Sequencing_Run	2014-September	1.51715773729864	0.561873608234684	139	26	0.0127938707922082	0.0335839108295466
k__Bacteria.p__Verrucomicrobiota	Sequencing_Run	2014-September	-1.32787022959959	0.785829537842659	139	33	0.104672527565497	0.244235897652827
