metadata	feature	value	coef	stderr	N	N.not.0	pval	qval
Type	MF0090	Mucosal	-0.703953620720063	0.112034783511122	18	18	0.000353564463624277	0.0731878439702252
