metadata	feature	value	coef	stderr	N	N.not.0	pval	qval
Sequencing_Run	MF0079	2014_Sept	-2.92874337087548	0.751460738210905	43	6	0.000429317562883479	0.198344714052167
Type	MF0101	Mucosal	-1.01703573548247	0.28117764884007	43	32	0.000921610640149722	0.212892057874586
Sequencing_Run	MF0003	2015_Sept	5.57711545622585	1.61173145067692	43	6	0.00140607467325544	0.216535499681339
Sex	MF0017	Male	-0.541852710759666	0.163222505588231	43	43	0.00207189398756619	0.239303755563895
