feature	metadata	value	coef	stderr	N	N.not.0	pval	qval
MF0039	Type	Mucosal	2.78069939444985	0.57513704096017	18	0	0.000264672493219561	0.0321743661850258
MF0090	Type	Mucosal	-0.703953620720079	0.112034783510503	18	18	0.000353564463571712	0.0321743661850258
MF0058	Type	Mucosal	1.3442556632718	0.274105158100646	18	0	0.000232483770024085	0.0321743661850258
MF0037	Type	Mucosal	-2.51453717161597	0.652701283663469	18	0	0.00175882783522987	0.120039999754439
