metadata	feature	value	coef	stderr	N	N.not.0	pval	qval
Type	MF0025	Mucosal	-0.61235077392066	0.140929884329958	18	5	0.000672354062362093	0.137160228721867
