feature	metadata	value	coef	stderr	N	N.not.0	pval	qval
MF0024	Sex	Male	5.2674524591142	1.20047175392875	15	8	0.00136068507554885	0.189242316007745
MF0079	Sequencing_Run	2014_Sept	-3.77233209922978	0.633597298347034	15	2	0.00149401828427167	0.189242316007745
MF0012	Type	Mucosal	0.949913073588685	0.14698755330622	15	8	0.00131921609341589	0.189242316007745
MF0025	Type	Mucosal	-1.3504709207965	0.272148682529759	15	11	0.00402550889047278	0.191645000459382
MF0072	Sequencing_Run	2014_Sept	-1.96594852795172	0.451863077785706	15	6	0.00241137878496804	0.191645000459382
MF0085	Sequencing_Run	2014_Sept	-3.03704230650136	0.624826057767869	15	4	0.0029127515267442	0.191645000459382
MF0012	Sequencing_Run	2014_Sept	-1.16243436895495	0.224142515867829	15	8	0.00343443854493233	0.191645000459382
MF0009	Sex	Male	-1.24838024965206	0.24211561980534	15	15	0.00403463158861858	0.191645000459382
MF0025	Sequencing_Run	2014_Sept	1.77111823360134	0.405790759411457	15	11	0.00550312403276934	0.232354125828039
