feature	metadata	value	coef	stderr	N	N.not.0	pval	qval
k__Bacteria.p__Verrucomicrobiota	Type	Mucosal	-1.34415930633095	0.338476145106808	44	42	0.000386718630578916	0.013921870700841
k__Bacteria.p__Bacteroidota	Sequencing_Run	2014_Sept	-1.78095862153129	0.498545496326283	44	44	0.00100387646763129	0.0180697764173632
k__Bacteria.p__Firmicutes	Type	Mucosal	0.871063329871606	0.26994648628186	44	44	0.00290929100637595	0.0349114920765114
k__Bacteria.p__Verrucomicrobiota	Sequencing_Run	2014_Sept	1.10664217790012	0.469306932566991	44	42	0.0245344511100187	0.176648047992135
k__Bacteria.p__Actinobacteriota	Sex	Male	-1.94867550285326	0.606772702263049	44	0	0.0234737236633368	0.176648047992135
k__Bacteria.p__Bacteroidota	Site	Jejunum	-0.843451021565237	0.384936128601746	44	44	0.0348149826698459	0.208889896019076
