feature	metadata	value	coef	stderr	N	N.not.0	pval	qval
k__Bacteria.p__Actinobacteriota	Sequencing_Run	2014_Sept	-5.06171220177745	0.494785294775766	15	0	0.000312472719077652	0.00749934525786365
k__Bacteria.p__Verrucomicrobiota	Sequencing_Run	2014_Sept	2.99436532029517	0.623992536657016	15	15	0.000725024748568192	0.00870029698281831
k__Bacteria.p__Verrucomicrobiota	Sequencing_Run	2015_Sept	3.07556549831869	0.805570900876781	15	15	0.00338532964645041	0.0203119778787025
k__Bacteria.p__Actinobacteriota	Sequencing_Run	2015_Sept	-3.9805163551667	1.00250990992358	15	0	0.00296127988367125	0.0203119778787025
k__Bacteria.p__Desulfobacterota	Type	Mucosal	-1.06806654948805	0.238333468061685	15	4	0.0111961262675367	0.0537414060841762
k__Bacteria.p__Verrucomicrobiota	Sex	Male	-0.934387822276768	0.317721448035364	15	15	0.0147626960757195	0.0590507843028781
k__Bacteria.p__Desulfobacterota	Sequencing_Run	2014_Sept	2.07211350196393	0.580474130085702	15	4	0.0228120701362954	0.0782128118958698
k__Bacteria.p__Desulfobacterota	Sex	Male	3.48924666600979	1.40740748890612	15	4	0.0486718081924096	0.146015424577229
k__Bacteria.p__Bacteroidota	Sex	Male	-1.189858665538	0.532122628203197	15	15	0.0866908442766481	0.231175584737728
