feature	metadata	value	coef	stderr	N	N.not.0	pval	qval
k__Bacteria.p__Firmicutes	Sequencing_Run	2014_Sept	-1.5932132729029	0.220562086555375	15	14	0.00183916223494707	0.0321122055351821
k__Bacteria.p__Verrucomicrobiota	Sequencing_Run	2014_Sept	2.31075506332461	0.641186462887707	15	13	0.00481683083027731	0.0321122055351821
k__Bacteria.p__Verrucomicrobiota	Sex	Male	-1.23019294206677	0.326476166751545	15	13	0.0036730140819111	0.0321122055351821
k__Bacteria.p__Verrucomicrobiota	Sequencing_Run	2015_Sept	2.62568580444724	0.827768164192576	15	13	0.00995367088339457	0.0398146835335783
k__Bacteria.p__Desulfobacterota	Type	Mucosal	-1.06100742901777	0.218917101067017	15	0	0.00847608689989963	0.0398146835335783
k__Bacteria.p__Desulfobacterota	Sex	Male	3.23537124978187	1.33536378347988	15	0	0.0523729814972443	0.174576604990814
