metadata	feature	value	coef	stderr	N	N.not.0	pval	qval
Sequencing_Run	MGB044	2015_Sept	6.68234093198708	1.02746780920499	45	5	0.00000014830375626838	0.0000344064714542641
Site	MGB052	Ileum	-1.31222112443231	0.339068332007823	45	43	0.000486651760462696	0.0564516042136727
Site	MGB050	Proximal_Colon	0.924409097144019	0.267196772390585	45	6	0.00140869070638575	0.108938747960498
Site	MGB050	Ileum	-0.819012945716775	0.275077915634899	45	6	0.00517402059123921	0.200062129527916
Site	MGB027	Jejunum	1.87222979031188	0.620657537586953	45	6	0.00486053367598276	0.200062129527916
Site	MGB044	Cecum	-3.02605431444053	0.996230255446614	45	5	0.00441981318874558	0.200062129527916
