feature	metadata	value	coef	stderr	N	N.not.0	pval	qval
k__Bacteria.p__Actinobacteriota	Site	Ileum	1.97399697034119	0.583250655376323	43	2	0.00197911700275488	0.0712482120991757
