metadata	feature	value	coef	stderr	N	N.not.0	pval	qval
Type	k__Bacteria.p__Bacteroidetes	Mucosal	-1.13646393969085	0.531877462164921	12	12	0.0855455019964604	0.342182007985842
Sex	k__Bacteria.p__Proteobacteria	Male	2.3166336104635	0.889467923608336	12	6	0.0474741220095935	0.342182007985842
Type	k__Bacteria.p__Firmicutes	Mucosal	0.649175651671274	0.466672575639612	12	12	0.239305413644495	0.475900072863154
Type	k__Bacteria.p__Proteobacteria	Mucosal	0.966468701151497	0.793403330083283	12	6	0.271929627780235	0.475900072863154
Sex	k__Bacteria.p__Verrucomicrobia	Male	-0.831657276241223	0.833658699918793	12	12	0.356925054647366	0.475900072863154
Type	k__Bacteria.p__Verrucomicrobia	Mucosal	-0.209605529038327	0.186559025114363	12	12	0.337854164148034	0.475900072863154
Sex	k__Bacteria.p__Bacteroidetes	Male	0.131577462886249	0.547309571174373	12	12	0.822121495850076	0.822121495850076
Sex	k__Bacteria.p__Firmicutes	Male	-0.180409276780692	0.536354557115858	12	12	0.756088389097596	0.822121495850076
