metadata	feature	value	coef	stderr	N	N.not.0	pval	qval
Sex	MGB024	Male	5.39532952762828	1.39353730798621	18	11	0.00192673470865639	0.200380409700264
