metadata	feature	value	coef	stderr	N	N.not.0	pval	qval
Sex	MF0024	Male	8.38221387651459	1.26938678091407	18	11	1.7064965621463e-05	0.00293413482205265
Sex	MF0033	Male	8.20460902791744	1.26786876938615	18	11	2.09581058718046e-05	0.00293413482205265
Sequencing_Run	MF0024	2015_Sept	-8.04666800522519	1.96150248299221	18	11	0.00124775942632138	0.105449933645489
Sequencing_Run	MF0033	2015_Sept	-7.84052365123534	1.9591567965348	18	11	0.00150642762350699	0.105449933645489
Type	MF0024	Mucosal	8.22858374206059	2.35044759231163	18	11	0.00390761030402371	0.156304412160949
Type	MF0033	Mucosal	8.27310596868841	2.34763678114318	18	11	0.00373794492972704	0.156304412160949
Sex	MF0001	Male	-0.774507744537085	0.213304453756911	18	18	0.00304591650741796	0.156304412160949
Sex	MF0009	Male	-0.721833952535632	0.210560748805182	18	18	0.00449269436197738	0.157244302669208
