metadata	feature	value	coef	stderr	N	N.not.0	pval	qval
Site_General	k__Bacteria.p__Bacteroidetes	SI	-1.45694723515752	0.248103957482819	51	51	6.83415048546749e-07	1.0934640776748e-05
Site_General	k__Bacteria.p__Proteobacteria	SI	1.60996370672384	0.309312993734929	51	15	6.11390383608007e-06	4.89112306886405e-05
Site_General	k__Bacteria.p__Firmicutes	SI	-1.05072153728514	0.264494397309736	51	51	0.000284768311814892	0.00151876432967942
Sequencing_Run	k__Bacteria.p__Bacteroidetes	2015_Sept	-1.31265336760973	0.390719816260733	51	51	0.00921215773405657	0.029478904748981
Site_General	k__Bacteria.p__Verrucomicrobia	SI	1.39024063804631	0.504087334769815	51	14	0.00869656256681584	0.029478904748981
Sequencing_Run	k__Bacteria.p__Verrucomicrobia	2015_Sept	2.55086285149841	0.97186208275634	51	14	0.0320648730797939	0.0855063282127837
