feature	metadata	value	coef	stderr	N	N.not.0	pval	qval
k__Bacteria.p__Bacteroidota	Site_General	SI	-1.64420651814996	0.239694701697883	51	51	2.761661776972e-08	6.6279882647328e-07
k__Bacteria.p__Proteobacteria	Site_General	SI	1.83837164160416	0.365064606481007	51	6	1.03502701266494e-05	0.000124203241519792
k__Bacteria.p__Firmicutes	Site_General	SI	-1.23886278845538	0.295894240597568	51	51	0.00014874149649494	0.00118993197195952
k__Bacteria.p__Bacteroidota	Sequencing_Run	2015_Sept	-1.17296547926933	0.365268999024528	51	51	0.0113425090573529	0.0680550543441173
k__Bacteria.p__Proteobacteria	Sex	Male	2.02292684591919	0.599238447882754	51	6	0.0149996462784837	0.0719983021367217
k__Bacteria.p__Bacteroidota	Sex	Male	-0.865671332117682	0.292015582699384	51	51	0.0256684606762818	0.0790489412657351
k__Bacteria.p__Verrucomicrobiota	Sequencing_Run	2015_Sept	2.6869790776691	0.97595073503542	51	16	0.0263496470885784	0.0790489412657351
k__Bacteria.p__Verrucomicrobiota	Site_General	SI	1.20193378904383	0.508626695871338	51	16	0.0230235369868208	0.0790489412657351
k__Bacteria.p__Firmicutes	Sex	Male	-0.940985993478941	0.399655911939335	51	51	0.0574434508188856	0.153182535517028
