metadata	feature	value	coef	stderr	N	N.not.0	pval	qval
Sex	MGB024	Male	4.23717109043515	0.894420234401667	51	26	0.0000248611783607698	0.00537001452592628
Sex	MGB006	Male	-0.562424053613623	0.151270496496032	51	51	0.000588484024012697	0.0549271673219007
Sequencing_Run	MGB024	2015_Sept	-4.63727249597104	1.27740689953913	51	26	0.000762877323915288	0.0549271673219007
Sex	MGB037	Male	-0.548989114613867	0.174425014711814	51	51	0.00302727857229107	0.130778434322974
Sex	MGB055	Male	-0.611354104499613	0.190149834774536	51	51	0.0025089256002141	0.130778434322974
