feature	metadata	value	coef	stderr	N	N.not.0	pval	qval
MF0039	Type	Mucosal	3.90047519191714	0.532812788982822	18	0	3.78773686701649e-06	0.0010340521646955
MF0058	Type	Mucosal	1.86404880183631	0.303222166122839	18	0	2.5296637272393e-05	0.00345299098768165
MF0037	Type	Mucosal	-4.54254819947267	0.881960063866538	18	2	0.000651749469406584	0.0593092017159991
MF0030	Type	Mucosal	2.38985753024046	0.533654965737132	18	0	0.00187084697994664	0.102148245105087
MF0079	Type	Mucosal	-1.41956017503193	0.290850512556451	18	4	0.00164634876867562	0.102148245105087
MF0019	Type	Mucosal	1.31416494978447	0.319013045162673	18	0	0.00278415958620515	0.126679261172334
MF0057	Type	Mucosal	2.04724443032223	0.523863970328602	18	0	0.00459716586654956	0.179289468795433
