metadata	feature	value	coef	stderr	N	N.not.0	pval	qval
Site_General	k__Bacteria.p__Firmicutes	SI	0.527031684326247	0.0726769513359307	270	270	6.8170623326669e-12	1.90877745314673e-10
Site_General	k__Bacteria.p__Proteobacteria	SI	0.424316124199633	0.0666662687662419	270	269	1.11235629431385e-09	1.55729881203938e-08
Line	k__Bacteria.p__Verrucomicrobia	Vil1Cre	2.82160566283527	0.450731622971177	270	38	1.93874795684921e-07	1.80949809305926e-06
Line	k__Bacteria.p__Firmicutes	Vil1Cre	-1.42200509804484	0.271401726224354	270	270	5.2793007415284e-06	3.69551051906988e-05
Line	k__Bacteria.p__Bacteroidetes	Vil1Cre	-2.06469187534122	0.420986472254356	270	261	1.52047308956673e-05	8.51464930157368e-05
Line	k__Bacteria.p__Proteobacteria	Vil1Cre	2.08763934695953	0.435897545949035	270	269	2.20518126343248e-05	0.000102908458960183
Site_General	k__Bacteria.p__Bacteroidetes	SI	0.217971410247242	0.101204965503773	270	261	0.0323377548709029	0.113652061778441
Site_General	k__Bacteria.p__Verrucomicrobia	SI	0.372399617690501	0.173044061023858	270	38	0.032472017650983	0.113652061778441
