metadata	feature	value	coef	stderr	N	N.not.0	pval	qval
Sex	MGB044	Male	8.80088460165959	1.52646862711512	16	5	0.000558621076687005	0.0558621076687005
Type	MGB033	Mucosal	-0.332167759080049	0.0649128560051041	16	16	0.00343843763702517	0.0687687527405033
Type	MGB036	Mucosal	-0.345708091659102	0.0624120180340162	16	16	0.00252229714111442	0.0687687527405033
Type	MGB029	Mucosal	-0.328108905626989	0.0636641904843557	16	16	0.00335808184659081	0.0687687527405033
Sequencing_Run	MGB044	2015_Sept	-8.1142228079445	1.82161275572281	16	5	0.00198134091181829	0.0687687527405033
Type	MGB035	Mucosal	-0.334892019287343	0.0893979178826103	16	16	0.0120165664294131	0.200276107156884
